timestamp,game id,round,entrant1 weapon,entrant1 damage,entrant2 weapon,entrant2 damage,winner
2026-04-17 16:46:41,d807bcab-2cda-4cc7-b88a-0781d76ee98b,1,Piano,2,Greatsword,9,Raymond
2026-04-17 16:46:41,d807bcab-2cda-4cc7-b88a-0781d76ee98b,2,Piano,0,Greatsword,6,Raymond
2026-04-17 16:46:41,d807bcab-2cda-4cc7-b88a-0781d76ee98b,3,Piano,19,Greatsword,0,Charlie
2026-04-17 16:46:41,d807bcab-2cda-4cc7-b88a-0781d76ee98b,4,Piano,30,Greatsword,25,Charlie
2026-04-17 16:46:41,d807bcab-2cda-4cc7-b88a-0781d76ee98b,5,Piano,0,Greatsword,6,Raymond
2026-04-17 16:46:41,d807bcab-2cda-4cc7-b88a-0781d76ee98b,6,Piano,21,Greatsword,15,Charlie
2026-04-17 16:46:41,d807bcab-2cda-4cc7-b88a-0781d76ee98b,7,Piano,0,Greatsword,15,Raymond
2026-04-17 16:46:41,d807bcab-2cda-4cc7-b88a-0781d76ee98b,8,Piano,12,Greatsword,9,Charlie
2026-04-17 16:46:41,d807bcab-2cda-4cc7-b88a-0781d76ee98b,9,Piano,12,Greatsword,23,Raymond
2026-04-17 16:46:41,d807bcab-2cda-4cc7-b88a-0781d76ee98b,10,Piano,8,Greatsword,0,Charlie
2026-04-17 16:46:41,d807bcab-2cda-4cc7-b88a-0781d76ee98b,11,Piano,6,Greatsword,0,Charlie
2026-04-17 16:46:41,d807bcab-2cda-4cc7-b88a-0781d76ee98b,12,Piano,2,Greatsword,12,Raymond
2026-04-17 16:46:41,d807bcab-2cda-4cc7-b88a-0781d76ee98b,13,Piano,0,Greatsword,6,Raymond
2026-04-17 16:46:41,d807bcab-2cda-4cc7-b88a-0781d76ee98b,14,Piano,1,Greatsword,0,Charlie
2026-04-17 16:46:41,d807bcab-2cda-4cc7-b88a-0781d76ee98b,15,Piano,20,Greatsword,11,Charlie
2026-04-17 16:48:57,3fca9b34-3a90-49fb-9765-0535d6a07a94,1,Greatsword,14,Club,0,Raymond
2026-04-17 16:48:57,3fca9b34-3a90-49fb-9765-0535d6a07a94,2,Greatsword,10,Club,1,Raymond
2026-04-17 16:48:57,3fca9b34-3a90-49fb-9765-0535d6a07a94,3,Greatsword,0,Club,0,Raymond
2026-04-17 16:48:57,3fca9b34-3a90-49fb-9765-0535d6a07a94,4,Greatsword,0,Club,3,Charlie
2026-04-17 16:48:57,3fca9b34-3a90-49fb-9765-0535d6a07a94,5,Greatsword,0,Club,0,Raymond
2026-04-17 16:48:57,3fca9b34-3a90-49fb-9765-0535d6a07a94,6,Greatsword,0,Club,2,Charlie
2026-04-17 16:48:57,3fca9b34-3a90-49fb-9765-0535d6a07a94,7,Greatsword,7,Club,1,Raymond
2026-04-17 16:48:57,3fca9b34-3a90-49fb-9765-0535d6a07a94,8,Greatsword,1,Club,5,Charlie
2026-04-17 16:48:57,3fca9b34-3a90-49fb-9765-0535d6a07a94,9,Greatsword,14,Club,3,Raymond
2026-04-17 16:48:57,3fca9b34-3a90-49fb-9765-0535d6a07a94,10,Greatsword,9,Club,2,Raymond
2026-04-17 16:48:57,3fca9b34-3a90-49fb-9765-0535d6a07a94,11,Greatsword,0,Club,2,Charlie
2026-04-17 16:48:57,3fca9b34-3a90-49fb-9765-0535d6a07a94,12,Greatsword,12,Club,1,Raymond
2026-04-17 16:48:57,3fca9b34-3a90-49fb-9765-0535d6a07a94,13,Greatsword,10,Club,5,Raymond
2026-04-17 16:48:57,3fca9b34-3a90-49fb-9765-0535d6a07a94,14,Greatsword,17,Club,0,Raymond
2026-04-17 16:48:57,3fca9b34-3a90-49fb-9765-0535d6a07a94,15,Greatsword,0,Club,2,Charlie
2026-04-17 16:48:57,3fca9b34-3a90-49fb-9765-0535d6a07a94,16,Greatsword,23,Club,6,Raymond
2026-04-17 16:49:01,b527a5cf-611f-4d5e-9fc0-ca2355dbc078,1,Shortsword,23,Dagger,0,Daylen
2026-04-17 16:49:01,b527a5cf-611f-4d5e-9fc0-ca2355dbc078,2,Shortsword,11,Dagger,6,Daylen
2026-04-17 16:49:01,b527a5cf-611f-4d5e-9fc0-ca2355dbc078,3,Shortsword,11,Dagger,3,Daylen
2026-04-17 16:49:01,b527a5cf-611f-4d5e-9fc0-ca2355dbc078,4,Shortsword,6,Dagger,9,Charlie
2026-04-17 16:49:01,b527a5cf-611f-4d5e-9fc0-ca2355dbc078,5,Shortsword,11,Dagger,4,Daylen
2026-04-17 16:49:01,b527a5cf-611f-4d5e-9fc0-ca2355dbc078,6,Shortsword,5,Dagger,5,Daylen
2026-04-17 16:49:01,b527a5cf-611f-4d5e-9fc0-ca2355dbc078,7,Shortsword,8,Dagger,3,Daylen
2026-04-17 16:49:01,b527a5cf-611f-4d5e-9fc0-ca2355dbc078,8,Shortsword,13,Dagger,0,Daylen
2026-04-17 16:49:01,b527a5cf-611f-4d5e-9fc0-ca2355dbc078,9,Shortsword,8,Dagger,3,Daylen
2026-04-17 16:49:01,b527a5cf-611f-4d5e-9fc0-ca2355dbc078,10,Shortsword,3,Dagger,4,Charlie
2026-04-17 16:49:01,b527a5cf-611f-4d5e-9fc0-ca2355dbc078,11,Shortsword,6,Dagger,0,Daylen
2026-04-17 16:49:01,b527a5cf-611f-4d5e-9fc0-ca2355dbc078,12,Shortsword,4,Dagger,6,Charlie
2026-04-17 16:49:01,b527a5cf-611f-4d5e-9fc0-ca2355dbc078,13,Shortsword,22,Dagger,3,Daylen
2026-04-17 16:49:24,a793dadc-9ecf-42f9-b71a-41662b9281b1,1,Piano,23,Club,2,Raymond
2026-04-17 16:49:24,a793dadc-9ecf-42f9-b71a-41662b9281b1,2,Piano,5,Club,7,Charlie
2026-04-17 16:49:24,a793dadc-9ecf-42f9-b71a-41662b9281b1,3,Piano,0,Club,0,Raymond
2026-04-17 16:49:24,a793dadc-9ecf-42f9-b71a-41662b9281b1,4,Piano,0,Club,2,Charlie
2026-04-17 16:49:24,a793dadc-9ecf-42f9-b71a-41662b9281b1,5,Piano,23,Club,1,Raymond
2026-04-17 16:49:24,a793dadc-9ecf-42f9-b71a-41662b9281b1,6,Piano,14,Club,5,Raymond
2026-04-17 16:49:24,a793dadc-9ecf-42f9-b71a-41662b9281b1,7,Piano,45,Club,3,Raymond
2026-04-17 16:49:27,7f93ac1a-d5ac-4b10-8506-0b7058aefe43,1,Piano,30,Shortsword,8,Charlie
2026-04-17 16:49:27,7f93ac1a-d5ac-4b10-8506-0b7058aefe43,2,Piano,4,Shortsword,0,Charlie
2026-04-17 16:49:27,7f93ac1a-d5ac-4b10-8506-0b7058aefe43,3,Piano,20,Shortsword,10,Charlie
2026-04-17 16:49:27,7f93ac1a-d5ac-4b10-8506-0b7058aefe43,4,Piano,0,Shortsword,10,Raymond
2026-04-17 16:49:27,7f93ac1a-d5ac-4b10-8506-0b7058aefe43,5,Piano,0,Shortsword,0,Charlie
2026-04-17 16:49:27,7f93ac1a-d5ac-4b10-8506-0b7058aefe43,6,Piano,0,Shortsword,4,Raymond
2026-04-17 16:49:27,7f93ac1a-d5ac-4b10-8506-0b7058aefe43,7,Piano,12,Shortsword,10,Charlie
2026-04-17 16:49:27,7f93ac1a-d5ac-4b10-8506-0b7058aefe43,8,Piano,2,Shortsword,0,Charlie
2026-04-17 16:49:27,7f93ac1a-d5ac-4b10-8506-0b7058aefe43,9,Piano,13,Shortsword,6,Charlie
2026-04-17 16:49:27,7f93ac1a-d5ac-4b10-8506-0b7058aefe43,10,Piano,4,Shortsword,8,Raymond
2026-04-17 16:49:27,7f93ac1a-d5ac-4b10-8506-0b7058aefe43,11,Piano,22,Shortsword,12,Charlie
2026-04-17 16:49:32,672636b8-0807-48e8-8b0e-fd71de36af8b,1,Greatsword,15,Shortsword,4,Raymond
2026-04-17 16:49:32,672636b8-0807-48e8-8b0e-fd71de36af8b,2,Greatsword,10,Shortsword,1,Raymond
2026-04-17 16:49:32,672636b8-0807-48e8-8b0e-fd71de36af8b,3,Greatsword,18,Shortsword,6,Raymond
2026-04-17 16:49:32,672636b8-0807-48e8-8b0e-fd71de36af8b,4,Greatsword,0,Shortsword,3,Juan
2026-04-17 16:49:32,672636b8-0807-48e8-8b0e-fd71de36af8b,5,Greatsword,8,Shortsword,6,Raymond
2026-04-17 16:49:32,672636b8-0807-48e8-8b0e-fd71de36af8b,6,Greatsword,1,Shortsword,4,Juan
2026-04-17 16:49:32,672636b8-0807-48e8-8b0e-fd71de36af8b,7,Greatsword,24,Shortsword,0,Raymond
2026-04-17 16:49:32,672636b8-0807-48e8-8b0e-fd71de36af8b,8,Greatsword,11,Shortsword,7,Raymond
2026-04-17 16:49:32,672636b8-0807-48e8-8b0e-fd71de36af8b,9,Greatsword,14,Shortsword,5,Raymond
2026-04-17 16:49:39,83131cb6-4c52-4725-a77a-3c70b862dd54,1,Shortsword,0,Greatsword,1,Raymond
2026-04-17 16:49:39,83131cb6-4c52-4725-a77a-3c70b862dd54,2,Shortsword,11,Greatsword,12,Raymond
2026-04-17 16:49:39,83131cb6-4c52-4725-a77a-3c70b862dd54,3,Shortsword,6,Greatsword,3,Charlie
2026-04-17 16:49:39,83131cb6-4c52-4725-a77a-3c70b862dd54,4,Shortsword,4,Greatsword,19,Raymond
2026-04-17 16:49:39,83131cb6-4c52-4725-a77a-3c70b862dd54,5,Shortsword,6,Greatsword,9,Raymond
2026-04-17 16:49:39,83131cb6-4c52-4725-a77a-3c70b862dd54,6,Shortsword,8,Greatsword,9,Raymond
2026-04-17 16:49:39,83131cb6-4c52-4725-a77a-3c70b862dd54,7,Shortsword,12,Greatsword,18,Raymond
2026-04-17 16:49:39,83131cb6-4c52-4725-a77a-3c70b862dd54,8,Shortsword,0,Greatsword,7,Raymond
2026-04-17 16:49:39,83131cb6-4c52-4725-a77a-3c70b862dd54,9,Shortsword,9,Greatsword,14,Raymond
2026-04-17 16:49:39,83131cb6-4c52-4725-a77a-3c70b862dd54,10,Shortsword,0,Greatsword,9,Raymond
2026-04-17 16:49:39,83131cb6-4c52-4725-a77a-3c70b862dd54,11,Shortsword,7,Greatsword,17,Raymond
2026-04-17 16:50:08,2f16f607-d825-439a-91cf-2c2dbe49ac6f,1,Club,2,Piano,22,Daylen
2026-04-17 16:50:08,2f16f607-d825-439a-91cf-2c2dbe49ac6f,2,Club,2,Piano,8,Daylen
2026-04-17 16:50:08,2f16f607-d825-439a-91cf-2c2dbe49ac6f,3,Club,2,Piano,32,Daylen
2026-04-17 16:50:08,2f16f607-d825-439a-91cf-2c2dbe49ac6f,4,Club,10,Piano,0,Juan
2026-04-17 16:50:08,2f16f607-d825-439a-91cf-2c2dbe49ac6f,5,Club,3,Piano,46,Daylen
2026-04-17 16:56:18,e03dde19-b7a4-4c49-9e40-407f2c25096d,1,Club,3,Dagger,10,Charlie
2026-04-17 16:56:18,e03dde19-b7a4-4c49-9e40-407f2c25096d,2,Club,3,Dagger,3,Raymond
2026-04-17 16:56:18,e03dde19-b7a4-4c49-9e40-407f2c25096d,3,Club,2,Dagger,0,Raymond
2026-04-17 16:56:18,e03dde19-b7a4-4c49-9e40-407f2c25096d,4,Club,5,Dagger,3,Raymond
2026-04-17 16:56:18,e03dde19-b7a4-4c49-9e40-407f2c25096d,5,Club,5,Dagger,5,Raymond
2026-04-17 16:56:18,e03dde19-b7a4-4c49-9e40-407f2c25096d,6,Club,0,Dagger,5,Charlie
2026-04-17 16:56:18,e03dde19-b7a4-4c49-9e40-407f2c25096d,7,Club,1,Dagger,1,Raymond
2026-04-17 16:56:18,e03dde19-b7a4-4c49-9e40-407f2c25096d,8,Club,2,Dagger,2,Raymond
2026-04-17 16:56:18,e03dde19-b7a4-4c49-9e40-407f2c25096d,9,Club,0,Dagger,7,Charlie
2026-04-17 16:56:18,e03dde19-b7a4-4c49-9e40-407f2c25096d,10,Club,9,Dagger,9,Raymond
2026-04-17 16:56:18,e03dde19-b7a4-4c49-9e40-407f2c25096d,11,Club,4,Dagger,6,Charlie
2026-04-17 16:56:18,e03dde19-b7a4-4c49-9e40-407f2c25096d,12,Club,5,Dagger,5,Raymond
2026-04-17 16:56:18,e03dde19-b7a4-4c49-9e40-407f2c25096d,13,Club,3,Dagger,2,Raymond
2026-04-17 16:56:18,e03dde19-b7a4-4c49-9e40-407f2c25096d,14,Club,4,Dagger,5,Charlie
2026-04-17 16:56:18,e03dde19-b7a4-4c49-9e40-407f2c25096d,15,Club,9,Dagger,0,Raymond
2026-04-17 16:56:18,e03dde19-b7a4-4c49-9e40-407f2c25096d,16,Club,2,Dagger,8,Charlie
2026-04-17 16:56:18,e03dde19-b7a4-4c49-9e40-407f2c25096d,17,Club,1,Dagger,6,Charlie
2026-04-17 16:56:18,e03dde19-b7a4-4c49-9e40-407f2c25096d,18,Club,5,Dagger,5,Raymond
2026-04-17 16:56:18,e03dde19-b7a4-4c49-9e40-407f2c25096d,19,Club,4,Dagger,0,Raymond
2026-04-17 16:56:18,e03dde19-b7a4-4c49-9e40-407f2c25096d,20,Club,2,Dagger,2,Raymond
2026-04-17 16:56:18,e03dde19-b7a4-4c49-9e40-407f2c25096d,21,Club,5,Dagger,3,Raymond
2026-04-17 16:56:18,e03dde19-b7a4-4c49-9e40-407f2c25096d,22,Club,1,Dagger,0,Raymond
2026-04-17 16:56:18,e03dde19-b7a4-4c49-9e40-407f2c25096d,23,Club,0,Dagger,5,Charlie
2026-04-17 16:56:18,e03dde19-b7a4-4c49-9e40-407f2c25096d,24,Club,2,Dagger,5,Charlie
2026-04-17 16:56:18,e03dde19-b7a4-4c49-9e40-407f2c25096d,25,Club,3,Dagger,1,Raymond
2026-04-17 16:56:18,e03dde19-b7a4-4c49-9e40-407f2c25096d,26,Club,4,Dagger,4,Raymond
2026-04-17 16:56:18,e03dde19-b7a4-4c49-9e40-407f2c25096d,27,Club,0,Dagger,9,Charlie
2026-04-17 16:56:18,e03dde19-b7a4-4c49-9e40-407f2c25096d,28,Club,2,Dagger,0,Raymond
2026-04-17 16:56:18,e03dde19-b7a4-4c49-9e40-407f2c25096d,29,Club,4,Dagger,6,Charlie
2026-04-17 16:56:18,e03dde19-b7a4-4c49-9e40-407f2c25096d,30,Club,2,Dagger,6,Charlie
2026-04-17 16:56:18,e03dde19-b7a4-4c49-9e40-407f2c25096d,31,Club,5,Dagger,4,Raymond
2026-04-17 16:56:18,e03dde19-b7a4-4c49-9e40-407f2c25096d,32,Club,1,Dagger,5,Charlie
2026-04-17 16:56:18,e03dde19-b7a4-4c49-9e40-407f2c25096d,33,Club,5,Dagger,4,Raymond
2026-04-17 16:56:18,e03dde19-b7a4-4c49-9e40-407f2c25096d,34,Club,0,Dagger,3,Charlie
2026-04-17 16:56:18,e03dde19-b7a4-4c49-9e40-407f2c25096d,35,Club,6,Dagger,2,Raymond
2026-04-17 16:56:18,e03dde19-b7a4-4c49-9e40-407f2c25096d,36,Club,5,Dagger,0,Raymond
2026-04-17 16:56:18,e03dde19-b7a4-4c49-9e40-407f2c25096d,37,Club,0,Dagger,0,Raymond
2026-04-17 16:56:18,e03dde19-b7a4-4c49-9e40-407f2c25096d,38,Club,3,Dagger,8,Charlie
2026-04-17 16:56:18,e03dde19-b7a4-4c49-9e40-407f2c25096d,39,Club,4,Dagger,2,Raymond
2026-04-17 16:56:18,e03dde19-b7a4-4c49-9e40-407f2c25096d,40,Club,4,Dagger,8,Charlie
2026-04-17 16:56:21,d99e3fcf-d803-4f8d-b441-ef9324a5cbfa,1,Piano,36,Shortsword,2,Daylen
2026-04-17 16:56:21,d99e3fcf-d803-4f8d-b441-ef9324a5cbfa,2,Piano,46,Shortsword,10,Daylen
2026-04-17 16:56:21,d99e3fcf-d803-4f8d-b441-ef9324a5cbfa,3,Piano,23,Shortsword,4,Daylen
2026-04-19 07:59:25,5992b017-7502-4178-9c1e-712226d70380,1,Greatsword,5,Piano,0,Charlie
2026-04-19 07:59:25,5992b017-7502-4178-9c1e-712226d70380,2,Greatsword,14,Piano,27,Raymond
2026-04-19 07:59:25,5992b017-7502-4178-9c1e-712226d70380,3,Greatsword,1,Piano,11,Raymond
2026-04-19 07:59:25,5992b017-7502-4178-9c1e-712226d70380,4,Greatsword,3,Piano,36,Raymond
2026-04-19 07:59:25,5992b017-7502-4178-9c1e-712226d70380,5,Greatsword,14,Piano,20,Raymond
2026-04-19 07:59:25,5992b017-7502-4178-9c1e-712226d70380,6,Greatsword,5,Piano,28,Raymond
2026-04-19 08:02:48,246f365e-ecf0-460d-a7b0-ee2e4c4e789e,1,Shortsword,9,Shortsword,0,Juan
2026-04-19 08:02:48,246f365e-ecf0-460d-a7b0-ee2e4c4e789e,2,Shortsword,8,Shortsword,9,Raymond
2026-04-19 08:02:48,246f365e-ecf0-460d-a7b0-ee2e4c4e789e,3,Shortsword,2,Shortsword,0,Juan
2026-04-19 08:02:48,246f365e-ecf0-460d-a7b0-ee2e4c4e789e,4,Shortsword,7,Shortsword,7,Juan
2026-04-19 08:02:48,246f365e-ecf0-460d-a7b0-ee2e4c4e789e,5,Shortsword,11,Shortsword,4,Juan
2026-04-19 08:02:48,246f365e-ecf0-460d-a7b0-ee2e4c4e789e,6,Shortsword,5,Shortsword,6,Raymond
2026-04-19 08:02:48,246f365e-ecf0-460d-a7b0-ee2e4c4e789e,7,Shortsword,3,Shortsword,0,Juan
2026-04-19 08:02:48,246f365e-ecf0-460d-a7b0-ee2e4c4e789e,8,Shortsword,0,Shortsword,11,Raymond
2026-04-19 08:02:48,246f365e-ecf0-460d-a7b0-ee2e4c4e789e,9,Shortsword,8,Shortsword,6,Juan
2026-04-19 08:02:48,246f365e-ecf0-460d-a7b0-ee2e4c4e789e,10,Shortsword,11,Shortsword,15,Raymond
2026-04-19 08:02:48,246f365e-ecf0-460d-a7b0-ee2e4c4e789e,11,Shortsword,10,Shortsword,12,Raymond
2026-04-19 08:02:48,246f365e-ecf0-460d-a7b0-ee2e4c4e789e,12,Shortsword,8,Shortsword,9,Raymond
2026-04-19 08:02:48,246f365e-ecf0-460d-a7b0-ee2e4c4e789e,13,Shortsword,18,Shortsword,13,Juan
2026-04-19 08:03:11,2f54fb12-3c5f-4b10-805d-12a28bbb6d51,1,Club,3,Dagger,4,Juan
2026-04-19 08:03:11,2f54fb12-3c5f-4b10-805d-12a28bbb6d51,2,Club,3,Dagger,0,Daylen
2026-04-19 08:03:11,2f54fb12-3c5f-4b10-805d-12a28bbb6d51,3,Club,10,Dagger,4,Daylen
2026-04-19 08:03:11,2f54fb12-3c5f-4b10-805d-12a28bbb6d51,4,Club,6,Dagger,5,Daylen
2026-04-19 08:03:11,2f54fb12-3c5f-4b10-805d-12a28bbb6d51,5,Club,6,Dagger,1,Daylen
2026-04-19 08:03:11,2f54fb12-3c5f-4b10-805d-12a28bbb6d51,6,Club,6,Dagger,6,Daylen
2026-04-19 08:03:11,2f54fb12-3c5f-4b10-805d-12a28bbb6d51,7,Club,6,Dagger,3,Daylen
2026-04-19 08:03:11,2f54fb12-3c5f-4b10-805d-12a28bbb6d51,8,Club,8,Dagger,8,Daylen
2026-04-19 08:03:11,2f54fb12-3c5f-4b10-805d-12a28bbb6d51,9,Club,6,Dagger,0,Daylen
2026-04-19 08:03:11,2f54fb12-3c5f-4b10-805d-12a28bbb6d51,10,Club,2,Dagger,1,Daylen
2026-04-19 08:03:11,2f54fb12-3c5f-4b10-805d-12a28bbb6d51,11,Club,9,Dagger,3,Daylen
2026-04-19 08:03:11,2f54fb12-3c5f-4b10-805d-12a28bbb6d51,12,Club,8,Dagger,5,Daylen
2026-04-19 08:03:11,2f54fb12-3c5f-4b10-805d-12a28bbb6d51,13,Club,12,Dagger,5,Daylen
2026-04-19 08:03:11,2f54fb12-3c5f-4b10-805d-12a28bbb6d51,14,Club,4,Dagger,8,Juan
2026-04-19 08:03:11,2f54fb12-3c5f-4b10-805d-12a28bbb6d51,15,Club,4,Dagger,4,Daylen
2026-04-19 08:03:11,2f54fb12-3c5f-4b10-805d-12a28bbb6d51,16,Club,8,Dagger,3,Daylen
2026-04-19 08:05:21,0332d529-b88f-460b-99b6-a8eda28a39e0,1,Greatsword,8,Shortsword,6,Charlie
2026-04-19 08:05:21,0332d529-b88f-460b-99b6-a8eda28a39e0,2,Greatsword,8,Shortsword,0,Charlie
2026-04-19 08:05:21,0332d529-b88f-460b-99b6-a8eda28a39e0,3,Greatsword,3,Shortsword,10,Juan
2026-04-19 08:05:21,0332d529-b88f-460b-99b6-a8eda28a39e0,4,Greatsword,27,Shortsword,2,Charlie
2026-04-19 08:05:21,0332d529-b88f-460b-99b6-a8eda28a39e0,5,Greatsword,0,Shortsword,0,Charlie
2026-04-19 08:05:21,0332d529-b88f-460b-99b6-a8eda28a39e0,6,Greatsword,19,Shortsword,0,Charlie
2026-04-19 08:05:21,0332d529-b88f-460b-99b6-a8eda28a39e0,7,Greatsword,10,Shortsword,0,Charlie
2026-04-19 08:05:21,0332d529-b88f-460b-99b6-a8eda28a39e0,8,Greatsword,23,Shortsword,10,Charlie
2026-04-19 08:05:21,0332d529-b88f-460b-99b6-a8eda28a39e0,9,Greatsword,8,Shortsword,7,Charlie
2026-04-19 08:05:48,f497b2bf-319d-4743-99e3-bdb2c9824915,1,Greatsword,12,Shortsword,5,Raymond
2026-04-19 08:05:48,f497b2bf-319d-4743-99e3-bdb2c9824915,2,Greatsword,6,Shortsword,3,Raymond
2026-04-19 08:05:48,f497b2bf-319d-4743-99e3-bdb2c9824915,3,Greatsword,6,Shortsword,20,Daylen
2026-04-19 08:05:48,f497b2bf-319d-4743-99e3-bdb2c9824915,4,Greatsword,0,Shortsword,0,Raymond
2026-04-19 08:05:48,f497b2bf-319d-4743-99e3-bdb2c9824915,5,Greatsword,23,Shortsword,14,Raymond
2026-04-19 08:05:48,f497b2bf-319d-4743-99e3-bdb2c9824915,6,Greatsword,3,Shortsword,16,Daylen
2026-04-19 08:05:48,f497b2bf-319d-4743-99e3-bdb2c9824915,7,Greatsword,13,Shortsword,15,Daylen
2026-04-19 08:05:48,f497b2bf-319d-4743-99e3-bdb2c9824915,8,Greatsword,19,Shortsword,9,Raymond
2026-04-19 08:05:48,f497b2bf-319d-4743-99e3-bdb2c9824915,9,Greatsword,3,Shortsword,16,Daylen
2026-04-19 08:05:48,f497b2bf-319d-4743-99e3-bdb2c9824915,10,Greatsword,12,Shortsword,2,Raymond
2026-04-19 08:06:20,778dc43e-db0d-409d-b908-20d97d997a0f,1,Greatsword,14,Dagger,0,Raymond
2026-04-19 08:06:20,778dc43e-db0d-409d-b908-20d97d997a0f,2,Greatsword,10,Dagger,0,Raymond
2026-04-19 08:06:20,778dc43e-db0d-409d-b908-20d97d997a0f,3,Greatsword,14,Dagger,1,Raymond
2026-04-19 08:06:20,778dc43e-db0d-409d-b908-20d97d997a0f,4,Greatsword,0,Dagger,0,Raymond
2026-04-19 08:06:20,778dc43e-db0d-409d-b908-20d97d997a0f,5,Greatsword,9,Dagger,3,Raymond
2026-04-19 08:06:20,778dc43e-db0d-409d-b908-20d97d997a0f,6,Greatsword,9,Dagger,1,Raymond
2026-04-19 08:06:20,778dc43e-db0d-409d-b908-20d97d997a0f,7,Greatsword,0,Dagger,0,Raymond
2026-04-19 08:06:20,778dc43e-db0d-409d-b908-20d97d997a0f,8,Greatsword,7,Dagger,0,Raymond
2026-04-19 08:06:20,778dc43e-db0d-409d-b908-20d97d997a0f,9,Greatsword,22,Dagger,7,Raymond
2026-04-19 08:06:20,778dc43e-db0d-409d-b908-20d97d997a0f,10,Greatsword,13,Dagger,3,Raymond
2026-04-19 08:06:20,778dc43e-db0d-409d-b908-20d97d997a0f,11,Greatsword,5,Dagger,4,Raymond
2026-04-19 08:06:56,737e236b-e47a-4df5-bf87-9d60a26caec7,1,Dagger,1,Shortsword,8,Juan
2026-04-19 08:06:56,737e236b-e47a-4df5-bf87-9d60a26caec7,2,Dagger,3,Shortsword,0,Daylen
2026-04-19 08:06:56,737e236b-e47a-4df5-bf87-9d60a26caec7,3,Dagger,10,Shortsword,7,Daylen
2026-04-19 08:06:56,737e236b-e47a-4df5-bf87-9d60a26caec7,4,Dagger,4,Shortsword,8,Juan
2026-04-19 08:06:56,737e236b-e47a-4df5-bf87-9d60a26caec7,5,Dagger,7,Shortsword,8,Juan
2026-04-19 08:06:56,737e236b-e47a-4df5-bf87-9d60a26caec7,6,Dagger,0,Shortsword,2,Juan
2026-04-19 08:06:56,737e236b-e47a-4df5-bf87-9d60a26caec7,7,Dagger,7,Shortsword,2,Daylen
2026-04-19 08:06:56,737e236b-e47a-4df5-bf87-9d60a26caec7,8,Dagger,4,Shortsword,3,Daylen
2026-04-19 08:06:56,737e236b-e47a-4df5-bf87-9d60a26caec7,9,Dagger,4,Shortsword,0,Daylen
2026-04-19 08:06:56,737e236b-e47a-4df5-bf87-9d60a26caec7,10,Dagger,10,Shortsword,0,Daylen
2026-04-19 08:06:56,737e236b-e47a-4df5-bf87-9d60a26caec7,11,Dagger,5,Shortsword,1,Daylen
2026-04-19 08:06:56,737e236b-e47a-4df5-bf87-9d60a26caec7,12,Dagger,6,Shortsword,0,Daylen
2026-04-19 08:06:56,737e236b-e47a-4df5-bf87-9d60a26caec7,13,Dagger,5,Shortsword,8,Juan
2026-04-19 08:06:56,737e236b-e47a-4df5-bf87-9d60a26caec7,14,Dagger,4,Shortsword,4,Daylen
2026-04-19 08:06:56,737e236b-e47a-4df5-bf87-9d60a26caec7,15,Dagger,7,Shortsword,0,Daylen
2026-04-19 08:06:56,737e236b-e47a-4df5-bf87-9d60a26caec7,16,Dagger,9,Shortsword,0,Daylen
2026-04-19 08:06:56,737e236b-e47a-4df5-bf87-9d60a26caec7,17,Dagger,7,Shortsword,0,Daylen
2026-04-19 08:06:56,737e236b-e47a-4df5-bf87-9d60a26caec7,18,Dagger,6,Shortsword,7,Juan
2026-04-19 08:06:56,737e236b-e47a-4df5-bf87-9d60a26caec7,19,Dagger,1,Shortsword,0,Daylen
2026-04-19 08:07:23,d76384f2-e0cc-45db-a749-2a98d1207576,1,Club,7,Piano,1,Juan
2026-04-19 08:07:23,d76384f2-e0cc-45db-a749-2a98d1207576,2,Club,3,Piano,36,Charlie
2026-04-19 08:07:23,d76384f2-e0cc-45db-a749-2a98d1207576,3,Club,0,Piano,14,Charlie
2026-04-19 08:07:23,d76384f2-e0cc-45db-a749-2a98d1207576,4,Club,2,Piano,9,Charlie
2026-04-19 08:07:23,d76384f2-e0cc-45db-a749-2a98d1207576,5,Club,5,Piano,0,Juan
2026-04-19 08:07:23,d76384f2-e0cc-45db-a749-2a98d1207576,6,Club,0,Piano,1,Charlie
2026-04-19 08:07:23,d76384f2-e0cc-45db-a749-2a98d1207576,7,Club,4,Piano,16,Charlie
2026-04-19 08:07:23,d76384f2-e0cc-45db-a749-2a98d1207576,8,Club,4,Piano,7,Charlie
2026-04-19 08:07:23,d76384f2-e0cc-45db-a749-2a98d1207576,9,Club,5,Piano,9,Charlie
2026-04-19 08:07:23,d76384f2-e0cc-45db-a749-2a98d1207576,10,Club,0,Piano,17,Charlie
2026-04-19 08:07:37,340bafde-a0d7-41f1-9e4c-880316e9d911,1,Piano,27,Piano,47,Daylen
2026-04-19 08:07:37,340bafde-a0d7-41f1-9e4c-880316e9d911,2,Piano,24,Piano,25,Daylen
2026-04-19 08:07:37,340bafde-a0d7-41f1-9e4c-880316e9d911,3,Piano,21,Piano,31,Daylen
2026-04-19 08:10:14,98b64b3a-ddab-4bd3-a7f0-e06ba1ec8780,1,Club,9,Club,3,Daylen
2026-04-19 08:10:14,98b64b3a-ddab-4bd3-a7f0-e06ba1ec8780,2,Club,3,Club,4,Charlie
2026-04-19 08:10:14,98b64b3a-ddab-4bd3-a7f0-e06ba1ec8780,3,Club,0,Club,3,Charlie
2026-04-19 08:10:14,98b64b3a-ddab-4bd3-a7f0-e06ba1ec8780,4,Club,2,Club,0,Daylen
2026-04-19 08:10:14,98b64b3a-ddab-4bd3-a7f0-e06ba1ec8780,5,Club,0,Club,4,Charlie
2026-04-19 08:10:14,98b64b3a-ddab-4bd3-a7f0-e06ba1ec8780,6,Club,6,Club,3,Daylen
2026-04-19 08:10:14,98b64b3a-ddab-4bd3-a7f0-e06ba1ec8780,7,Club,4,Club,2,Daylen
2026-04-19 08:10:14,98b64b3a-ddab-4bd3-a7f0-e06ba1ec8780,8,Club,6,Club,1,Daylen
2026-04-19 08:10:14,98b64b3a-ddab-4bd3-a7f0-e06ba1ec8780,9,Club,5,Club,6,Charlie
2026-04-19 08:10:14,98b64b3a-ddab-4bd3-a7f0-e06ba1ec8780,10,Club,9,Club,5,Daylen
2026-04-19 08:10:14,98b64b3a-ddab-4bd3-a7f0-e06ba1ec8780,11,Club,0,Club,2,Charlie
2026-04-19 08:10:14,98b64b3a-ddab-4bd3-a7f0-e06ba1ec8780,12,Club,0,Club,2,Charlie
2026-04-19 08:10:14,98b64b3a-ddab-4bd3-a7f0-e06ba1ec8780,13,Club,3,Club,2,Daylen
2026-04-19 08:10:14,98b64b3a-ddab-4bd3-a7f0-e06ba1ec8780,14,Club,8,Club,0,Daylen
2026-04-19 08:10:14,98b64b3a-ddab-4bd3-a7f0-e06ba1ec8780,15,Club,6,Club,3,Daylen
2026-04-19 08:10:14,98b64b3a-ddab-4bd3-a7f0-e06ba1ec8780,16,Club,7,Club,2,Daylen
2026-04-19 08:10:14,98b64b3a-ddab-4bd3-a7f0-e06ba1ec8780,17,Club,8,Club,8,Daylen
2026-04-19 08:10:14,98b64b3a-ddab-4bd3-a7f0-e06ba1ec8780,18,Club,5,Club,0,Daylen
2026-04-19 08:10:14,98b64b3a-ddab-4bd3-a7f0-e06ba1ec8780,19,Club,5,Club,7,Charlie
2026-04-19 08:10:14,98b64b3a-ddab-4bd3-a7f0-e06ba1ec8780,20,Club,0,Club,3,Charlie
2026-04-19 08:10:14,98b64b3a-ddab-4bd3-a7f0-e06ba1ec8780,21,Club,3,Club,2,Daylen
2026-04-19 08:10:14,98b64b3a-ddab-4bd3-a7f0-e06ba1ec8780,22,Club,8,Club,1,Daylen
2026-04-19 08:10:14,98b64b3a-ddab-4bd3-a7f0-e06ba1ec8780,23,Club,5,Club,6,Charlie
2026-04-19 08:24:31,62e621ad-dfc1-48e5-843f-60cf3f942325,1,Greatsword,18,Dagger,10,Juan
2026-04-19 08:24:31,62e621ad-dfc1-48e5-843f-60cf3f942325,2,Greatsword,0,Dagger,7,Daylen
2026-04-19 08:24:31,62e621ad-dfc1-48e5-843f-60cf3f942325,3,Greatsword,12,Dagger,5,Juan
2026-04-19 08:24:31,62e621ad-dfc1-48e5-843f-60cf3f942325,4,Greatsword,15,Dagger,6,Juan
2026-04-19 08:24:31,62e621ad-dfc1-48e5-843f-60cf3f942325,5,Greatsword,11,Dagger,6,Juan
2026-04-19 08:24:31,62e621ad-dfc1-48e5-843f-60cf3f942325,6,Greatsword,0,Dagger,3,Daylen
2026-04-19 08:24:31,62e621ad-dfc1-48e5-843f-60cf3f942325,7,Greatsword,0,Dagger,7,Daylen
2026-04-19 08:24:31,62e621ad-dfc1-48e5-843f-60cf3f942325,8,Greatsword,0,Dagger,2,Daylen
2026-04-19 08:24:31,62e621ad-dfc1-48e5-843f-60cf3f942325,9,Greatsword,20,Dagger,7,Juan
2026-04-19 08:24:31,62e621ad-dfc1-48e5-843f-60cf3f942325,10,Greatsword,0,Dagger,3,Daylen
2026-04-19 08:24:31,62e621ad-dfc1-48e5-843f-60cf3f942325,11,Greatsword,26,Dagger,3,Juan
2026-04-19 08:26:57,5972e086-5944-48a1-bc25-6e9459372def,1,Shortsword,9,Shortsword,9,Daylen
2026-04-19 08:26:57,5972e086-5944-48a1-bc25-6e9459372def,2,Shortsword,4,Shortsword,7,Juan
2026-04-19 08:26:57,5972e086-5944-48a1-bc25-6e9459372def,3,Shortsword,11,Shortsword,10,Daylen
2026-04-19 08:26:57,5972e086-5944-48a1-bc25-6e9459372def,4,Shortsword,16,Shortsword,8,Daylen
2026-04-19 08:26:57,5972e086-5944-48a1-bc25-6e9459372def,5,Shortsword,8,Shortsword,12,Juan
2026-04-19 08:26:57,5972e086-5944-48a1-bc25-6e9459372def,6,Shortsword,19,Shortsword,0,Daylen
2026-04-19 08:26:57,5972e086-5944-48a1-bc25-6e9459372def,7,Shortsword,5,Shortsword,10,Juan
2026-04-19 08:26:57,5972e086-5944-48a1-bc25-6e9459372def,8,Shortsword,1,Shortsword,17,Juan
2026-04-19 08:26:57,5972e086-5944-48a1-bc25-6e9459372def,9,Shortsword,5,Shortsword,13,Juan
2026-04-19 08:26:57,5972e086-5944-48a1-bc25-6e9459372def,10,Shortsword,20,Shortsword,5,Daylen
2026-04-19 08:26:57,5972e086-5944-48a1-bc25-6e9459372def,11,Shortsword,16,Shortsword,1,Daylen
2026-04-19 08:31:40,29213795-fd8d-466a-9087-168ad550b7ec,1,Dagger,9,Greatsword,16,Raymond
2026-04-19 08:31:40,29213795-fd8d-466a-9087-168ad550b7ec,2,Dagger,5,Greatsword,10,Raymond
2026-04-19 08:31:40,29213795-fd8d-466a-9087-168ad550b7ec,3,Dagger,6,Greatsword,19,Raymond
2026-04-19 08:31:40,29213795-fd8d-466a-9087-168ad550b7ec,4,Dagger,1,Greatsword,8,Raymond
2026-04-19 08:31:40,29213795-fd8d-466a-9087-168ad550b7ec,5,Dagger,0,Greatsword,0,Daylen
2026-04-19 08:31:40,29213795-fd8d-466a-9087-168ad550b7ec,6,Dagger,0,Greatsword,10,Raymond
2026-04-19 08:31:40,29213795-fd8d-466a-9087-168ad550b7ec,7,Dagger,2,Greatsword,8,Raymond
2026-04-19 08:31:40,29213795-fd8d-466a-9087-168ad550b7ec,8,Dagger,3,Greatsword,0,Daylen
2026-04-19 08:31:40,29213795-fd8d-466a-9087-168ad550b7ec,9,Dagger,9,Greatsword,3,Daylen
2026-04-19 08:31:40,29213795-fd8d-466a-9087-168ad550b7ec,10,Dagger,8,Greatsword,22,Raymond
2026-04-19 08:31:40,29213795-fd8d-466a-9087-168ad550b7ec,11,Dagger,4,Greatsword,0,Daylen
2026-04-19 08:31:40,29213795-fd8d-466a-9087-168ad550b7ec,12,Dagger,7,Greatsword,17,Raymond
2026-04-19 08:31:59,b0e147fa-51ba-4636-bbca-383fd4054e5a,1,Dagger,7,Club,0,Raymond
2026-04-19 08:31:59,b0e147fa-51ba-4636-bbca-383fd4054e5a,2,Dagger,5,Club,2,Raymond
2026-04-19 08:31:59,b0e147fa-51ba-4636-bbca-383fd4054e5a,3,Dagger,2,Club,10,Charlie
2026-04-19 08:31:59,b0e147fa-51ba-4636-bbca-383fd4054e5a,4,Dagger,3,Club,4,Charlie
2026-04-19 08:31:59,b0e147fa-51ba-4636-bbca-383fd4054e5a,5,Dagger,3,Club,7,Charlie
2026-04-19 08:31:59,b0e147fa-51ba-4636-bbca-383fd4054e5a,6,Dagger,1,Club,0,Raymond
2026-04-19 08:31:59,b0e147fa-51ba-4636-bbca-383fd4054e5a,7,Dagger,3,Club,3,Raymond
2026-04-19 08:31:59,b0e147fa-51ba-4636-bbca-383fd4054e5a,8,Dagger,3,Club,3,Raymond
2026-04-19 08:31:59,b0e147fa-51ba-4636-bbca-383fd4054e5a,9,Dagger,5,Club,8,Charlie
2026-04-19 08:31:59,b0e147fa-51ba-4636-bbca-383fd4054e5a,10,Dagger,0,Club,4,Charlie
2026-04-19 08:31:59,b0e147fa-51ba-4636-bbca-383fd4054e5a,11,Dagger,0,Club,1,Charlie
2026-04-19 08:31:59,b0e147fa-51ba-4636-bbca-383fd4054e5a,12,Dagger,0,Club,5,Charlie
2026-04-19 08:31:59,b0e147fa-51ba-4636-bbca-383fd4054e5a,13,Dagger,1,Club,5,Charlie
2026-04-19 08:31:59,b0e147fa-51ba-4636-bbca-383fd4054e5a,14,Dagger,0,Club,0,Raymond
2026-04-19 08:31:59,b0e147fa-51ba-4636-bbca-383fd4054e5a,15,Dagger,10,Club,5,Raymond
2026-04-19 08:31:59,b0e147fa-51ba-4636-bbca-383fd4054e5a,16,Dagger,2,Club,0,Raymond
2026-04-19 08:31:59,b0e147fa-51ba-4636-bbca-383fd4054e5a,17,Dagger,2,Club,0,Raymond
2026-04-19 08:31:59,b0e147fa-51ba-4636-bbca-383fd4054e5a,18,Dagger,4,Club,2,Raymond
2026-04-19 08:31:59,b0e147fa-51ba-4636-bbca-383fd4054e5a,19,Dagger,6,Club,1,Raymond
2026-04-19 08:31:59,b0e147fa-51ba-4636-bbca-383fd4054e5a,20,Dagger,6,Club,4,Raymond
2026-04-19 08:31:59,b0e147fa-51ba-4636-bbca-383fd4054e5a,21,Dagger,10,Club,0,Raymond
2026-04-19 08:31:59,b0e147fa-51ba-4636-bbca-383fd4054e5a,22,Dagger,5,Club,3,Raymond
2026-04-19 08:31:59,b0e147fa-51ba-4636-bbca-383fd4054e5a,23,Dagger,0,Club,7,Charlie
2026-04-19 08:31:59,b0e147fa-51ba-4636-bbca-383fd4054e5a,24,Dagger,5,Club,0,Raymond
2026-04-19 08:31:59,b0e147fa-51ba-4636-bbca-383fd4054e5a,25,Dagger,0,Club,1,Charlie
2026-04-19 08:31:59,b0e147fa-51ba-4636-bbca-383fd4054e5a,26,Dagger,2,Club,4,Charlie
2026-04-19 08:31:59,b0e147fa-51ba-4636-bbca-383fd4054e5a,27,Dagger,6,Club,6,Raymond
2026-04-19 08:31:59,b0e147fa-51ba-4636-bbca-383fd4054e5a,28,Dagger,3,Club,5,Charlie
2026-04-19 08:31:59,b0e147fa-51ba-4636-bbca-383fd4054e5a,29,Dagger,0,Club,0,Raymond
2026-04-19 08:31:59,b0e147fa-51ba-4636-bbca-383fd4054e5a,30,Dagger,0,Club,1,Charlie
2026-04-19 08:31:59,b0e147fa-51ba-4636-bbca-383fd4054e5a,31,Dagger,5,Club,7,Charlie
2026-04-19 08:31:59,b0e147fa-51ba-4636-bbca-383fd4054e5a,32,Dagger,0,Club,0,Raymond
2026-04-19 08:31:59,b0e147fa-51ba-4636-bbca-383fd4054e5a,33,Dagger,1,Club,5,Charlie
2026-04-19 08:32:01,46abbb92-282d-432f-9ed8-b35a3998e736,1,Dagger,7,Club,5,Raymond
2026-04-19 08:32:01,46abbb92-282d-432f-9ed8-b35a3998e736,2,Dagger,2,Club,1,Raymond
2026-04-19 08:32:01,46abbb92-282d-432f-9ed8-b35a3998e736,3,Dagger,0,Club,4,Juan
2026-04-19 08:32:01,46abbb92-282d-432f-9ed8-b35a3998e736,4,Dagger,8,Club,5,Raymond
2026-04-19 08:32:01,46abbb92-282d-432f-9ed8-b35a3998e736,5,Dagger,3,Club,5,Juan
2026-04-19 08:32:01,46abbb92-282d-432f-9ed8-b35a3998e736,6,Dagger,3,Club,0,Raymond
2026-04-19 08:32:01,46abbb92-282d-432f-9ed8-b35a3998e736,7,Dagger,6,Club,0,Raymond
2026-04-19 08:32:01,46abbb92-282d-432f-9ed8-b35a3998e736,8,Dagger,4,Club,4,Raymond
2026-04-19 08:32:01,46abbb92-282d-432f-9ed8-b35a3998e736,9,Dagger,3,Club,2,Raymond
2026-04-19 08:32:01,46abbb92-282d-432f-9ed8-b35a3998e736,10,Dagger,0,Club,2,Juan
2026-04-19 08:32:01,46abbb92-282d-432f-9ed8-b35a3998e736,11,Dagger,8,Club,3,Raymond
2026-04-19 08:32:01,46abbb92-282d-432f-9ed8-b35a3998e736,12,Dagger,0,Club,7,Juan
2026-04-19 08:32:01,46abbb92-282d-432f-9ed8-b35a3998e736,13,Dagger,5,Club,2,Raymond
2026-04-19 08:32:01,46abbb92-282d-432f-9ed8-b35a3998e736,14,Dagger,2,Club,0,Raymond
2026-04-19 08:32:01,46abbb92-282d-432f-9ed8-b35a3998e736,15,Dagger,8,Club,3,Raymond
2026-04-19 08:32:01,46abbb92-282d-432f-9ed8-b35a3998e736,16,Dagger,5,Club,5,Raymond
2026-04-19 08:32:01,46abbb92-282d-432f-9ed8-b35a3998e736,17,Dagger,10,Club,4,Raymond
2026-04-19 08:32:01,46abbb92-282d-432f-9ed8-b35a3998e736,18,Dagger,4,Club,0,Raymond
2026-04-19 08:32:01,46abbb92-282d-432f-9ed8-b35a3998e736,19,Dagger,4,Club,5,Juan
2026-04-19 08:32:01,46abbb92-282d-432f-9ed8-b35a3998e736,20,Dagger,0,Club,3,Juan
2026-04-19 08:32:01,46abbb92-282d-432f-9ed8-b35a3998e736,21,Dagger,0,Club,4,Juan
2026-04-19 08:32:01,46abbb92-282d-432f-9ed8-b35a3998e736,22,Dagger,5,Club,7,Juan
2026-04-19 08:32:01,46abbb92-282d-432f-9ed8-b35a3998e736,23,Dagger,5,Club,5,Raymond
2026-04-19 08:32:01,46abbb92-282d-432f-9ed8-b35a3998e736,24,Dagger,4,Club,3,Raymond
2026-04-19 08:32:01,46abbb92-282d-432f-9ed8-b35a3998e736,25,Dagger,6,Club,4,Raymond
2026-04-19 08:32:19,9b72c513-2d8b-4891-95b1-bc1c687f019d,1,Dagger,4,Club,8,Raymond
2026-04-19 08:32:19,9b72c513-2d8b-4891-95b1-bc1c687f019d,2,Dagger,7,Club,2,Juan
2026-04-19 08:32:19,9b72c513-2d8b-4891-95b1-bc1c687f019d,3,Dagger,0,Club,5,Raymond
2026-04-19 08:32:19,9b72c513-2d8b-4891-95b1-bc1c687f019d,4,Dagger,4,Club,7,Raymond
2026-04-19 08:32:19,9b72c513-2d8b-4891-95b1-bc1c687f019d,5,Dagger,8,Club,4,Juan
2026-04-19 08:32:19,9b72c513-2d8b-4891-95b1-bc1c687f019d,6,Dagger,2,Club,0,Juan
2026-04-19 08:32:19,9b72c513-2d8b-4891-95b1-bc1c687f019d,7,Dagger,0,Club,1,Raymond
2026-04-19 08:32:19,9b72c513-2d8b-4891-95b1-bc1c687f019d,8,Dagger,4,Club,5,Raymond
2026-04-19 08:32:19,9b72c513-2d8b-4891-95b1-bc1c687f019d,9,Dagger,3,Club,6,Raymond
2026-04-19 08:32:19,9b72c513-2d8b-4891-95b1-bc1c687f019d,10,Dagger,4,Club,8,Raymond
2026-04-19 08:32:19,9b72c513-2d8b-4891-95b1-bc1c687f019d,11,Dagger,5,Club,4,Juan
2026-04-19 08:32:19,9b72c513-2d8b-4891-95b1-bc1c687f019d,12,Dagger,3,Club,1,Juan
2026-04-19 08:32:19,9b72c513-2d8b-4891-95b1-bc1c687f019d,13,Dagger,6,Club,9,Raymond
2026-04-19 08:32:19,9b72c513-2d8b-4891-95b1-bc1c687f019d,14,Dagger,0,Club,0,Juan
2026-04-19 08:32:19,9b72c513-2d8b-4891-95b1-bc1c687f019d,15,Dagger,0,Club,5,Raymond
2026-04-19 08:32:19,9b72c513-2d8b-4891-95b1-bc1c687f019d,16,Dagger,4,Club,0,Juan
2026-04-19 08:32:19,9b72c513-2d8b-4891-95b1-bc1c687f019d,17,Dagger,3,Club,8,Raymond
2026-04-19 08:32:19,9b72c513-2d8b-4891-95b1-bc1c687f019d,18,Dagger,0,Club,5,Raymond
2026-04-19 08:32:19,9b72c513-2d8b-4891-95b1-bc1c687f019d,19,Dagger,4,Club,4,Juan
2026-04-19 08:32:19,9b72c513-2d8b-4891-95b1-bc1c687f019d,20,Dagger,1,Club,10,Raymond
2026-04-19 08:32:19,9b72c513-2d8b-4891-95b1-bc1c687f019d,21,Dagger,7,Club,6,Juan
2026-04-19 08:32:19,9b72c513-2d8b-4891-95b1-bc1c687f019d,22,Dagger,3,Club,0,Juan
2026-04-19 08:32:19,9b72c513-2d8b-4891-95b1-bc1c687f019d,23,Dagger,5,Club,3,Juan
2026-04-19 08:32:21,7dd5502a-7acd-4a5d-8a73-d7d54e5c4ab9,1,Greatsword,18,Piano,21,Charlie
2026-04-19 08:32:21,7dd5502a-7acd-4a5d-8a73-d7d54e5c4ab9,2,Greatsword,0,Piano,0,Raymond
2026-04-19 08:32:21,7dd5502a-7acd-4a5d-8a73-d7d54e5c4ab9,3,Greatsword,0,Piano,22,Charlie
2026-04-19 08:32:21,7dd5502a-7acd-4a5d-8a73-d7d54e5c4ab9,4,Greatsword,24,Piano,19,Raymond
2026-04-19 08:32:21,7dd5502a-7acd-4a5d-8a73-d7d54e5c4ab9,5,Greatsword,0,Piano,2,Charlie
2026-04-19 08:32:21,7dd5502a-7acd-4a5d-8a73-d7d54e5c4ab9,6,Greatsword,2,Piano,9,Charlie
2026-04-19 08:32:21,7dd5502a-7acd-4a5d-8a73-d7d54e5c4ab9,7,Greatsword,2,Piano,15,Charlie
2026-04-19 08:32:21,7dd5502a-7acd-4a5d-8a73-d7d54e5c4ab9,8,Greatsword,14,Piano,33,Charlie
2026-04-19 08:32:22,52481262-95e2-424f-8a4c-bb3159c28f33,1,Dagger,8,Club,5,Daylen
2026-04-19 08:32:22,52481262-95e2-424f-8a4c-bb3159c28f33,2,Dagger,4,Club,3,Daylen
2026-04-19 08:32:22,52481262-95e2-424f-8a4c-bb3159c28f33,3,Dagger,7,Club,0,Daylen
2026-04-19 08:32:22,52481262-95e2-424f-8a4c-bb3159c28f33,4,Dagger,4,Club,3,Daylen
2026-04-19 08:32:22,52481262-95e2-424f-8a4c-bb3159c28f33,5,Dagger,11,Club,0,Daylen
2026-04-19 08:32:22,52481262-95e2-424f-8a4c-bb3159c28f33,6,Dagger,0,Club,6,Juan
2026-04-19 08:32:22,52481262-95e2-424f-8a4c-bb3159c28f33,7,Dagger,9,Club,3,Daylen
2026-04-19 08:32:22,52481262-95e2-424f-8a4c-bb3159c28f33,8,Dagger,8,Club,5,Daylen
2026-04-19 08:32:22,52481262-95e2-424f-8a4c-bb3159c28f33,9,Dagger,8,Club,3,Daylen
2026-04-19 08:32:22,52481262-95e2-424f-8a4c-bb3159c28f33,10,Dagger,5,Club,3,Daylen
2026-04-19 08:32:22,52481262-95e2-424f-8a4c-bb3159c28f33,11,Dagger,1,Club,3,Juan
2026-04-19 08:32:22,52481262-95e2-424f-8a4c-bb3159c28f33,12,Dagger,4,Club,5,Juan
2026-04-19 08:32:22,52481262-95e2-424f-8a4c-bb3159c28f33,13,Dagger,5,Club,0,Daylen
2026-04-19 08:32:22,52481262-95e2-424f-8a4c-bb3159c28f33,14,Dagger,2,Club,6,Juan
2026-04-19 08:32:22,52481262-95e2-424f-8a4c-bb3159c28f33,15,Dagger,6,Club,2,Daylen
2026-04-19 08:32:22,52481262-95e2-424f-8a4c-bb3159c28f33,16,Dagger,7,Club,0,Daylen
2026-04-19 08:32:22,52481262-95e2-424f-8a4c-bb3159c28f33,17,Dagger,2,Club,2,Daylen
2026-04-19 08:32:22,52481262-95e2-424f-8a4c-bb3159c28f33,18,Dagger,12,Club,0,Daylen
2026-04-19 08:32:23,10f435f3-c30b-4db3-8f4a-53a1db7e9c4b,1,Greatsword,12,Greatsword,14,Juan
2026-04-19 08:32:23,10f435f3-c30b-4db3-8f4a-53a1db7e9c4b,2,Greatsword,10,Greatsword,0,Charlie
2026-04-19 08:32:23,10f435f3-c30b-4db3-8f4a-53a1db7e9c4b,3,Greatsword,14,Greatsword,3,Charlie
2026-04-19 08:32:23,10f435f3-c30b-4db3-8f4a-53a1db7e9c4b,4,Greatsword,0,Greatsword,0,Charlie
2026-04-19 08:32:23,10f435f3-c30b-4db3-8f4a-53a1db7e9c4b,5,Greatsword,9,Greatsword,9,Charlie
2026-04-19 08:32:23,10f435f3-c30b-4db3-8f4a-53a1db7e9c4b,6,Greatsword,1,Greatsword,4,Juan
2026-04-19 08:32:23,10f435f3-c30b-4db3-8f4a-53a1db7e9c4b,7,Greatsword,6,Greatsword,4,Charlie
2026-04-19 08:32:23,10f435f3-c30b-4db3-8f4a-53a1db7e9c4b,8,Greatsword,4,Greatsword,0,Charlie
2026-04-19 08:32:23,10f435f3-c30b-4db3-8f4a-53a1db7e9c4b,9,Greatsword,14,Greatsword,9,Charlie
2026-04-19 08:32:23,10f435f3-c30b-4db3-8f4a-53a1db7e9c4b,10,Greatsword,0,Greatsword,14,Juan
2026-04-19 08:32:23,10f435f3-c30b-4db3-8f4a-53a1db7e9c4b,11,Greatsword,8,Greatsword,0,Charlie
2026-04-19 08:32:23,10f435f3-c30b-4db3-8f4a-53a1db7e9c4b,12,Greatsword,10,Greatsword,0,Charlie
2026-04-19 08:32:23,10f435f3-c30b-4db3-8f4a-53a1db7e9c4b,13,Greatsword,0,Greatsword,8,Juan
2026-04-19 08:32:23,10f435f3-c30b-4db3-8f4a-53a1db7e9c4b,14,Greatsword,9,Greatsword,3,Charlie
2026-04-19 08:32:23,10f435f3-c30b-4db3-8f4a-53a1db7e9c4b,15,Greatsword,15,Greatsword,15,Charlie
2026-04-19 08:32:25,24cb2400-0a60-480b-8cd9-fbd86366e5ec,1,Shortsword,0,Dagger,2,Charlie
2026-04-19 08:32:25,24cb2400-0a60-480b-8cd9-fbd86366e5ec,2,Shortsword,20,Dagger,0,Raymond
2026-04-19 08:32:25,24cb2400-0a60-480b-8cd9-fbd86366e5ec,3,Shortsword,9,Dagger,1,Raymond
2026-04-19 08:32:25,24cb2400-0a60-480b-8cd9-fbd86366e5ec,4,Shortsword,3,Dagger,8,Charlie
2026-04-19 08:32:25,24cb2400-0a60-480b-8cd9-fbd86366e5ec,5,Shortsword,10,Dagger,5,Raymond
2026-04-19 08:32:25,24cb2400-0a60-480b-8cd9-fbd86366e5ec,6,Shortsword,0,Dagger,5,Charlie
2026-04-19 08:32:25,24cb2400-0a60-480b-8cd9-fbd86366e5ec,7,Shortsword,15,Dagger,2,Raymond
2026-04-19 08:32:25,24cb2400-0a60-480b-8cd9-fbd86366e5ec,8,Shortsword,10,Dagger,3,Raymond
2026-04-19 08:32:25,24cb2400-0a60-480b-8cd9-fbd86366e5ec,9,Shortsword,10,Dagger,8,Raymond
2026-04-19 08:32:25,24cb2400-0a60-480b-8cd9-fbd86366e5ec,10,Shortsword,10,Dagger,0,Raymond
2026-04-19 08:32:25,24cb2400-0a60-480b-8cd9-fbd86366e5ec,11,Shortsword,3,Dagger,0,Raymond
2026-04-19 08:32:25,24cb2400-0a60-480b-8cd9-fbd86366e5ec,12,Shortsword,1,Dagger,3,Charlie
2026-04-19 08:32:25,24cb2400-0a60-480b-8cd9-fbd86366e5ec,13,Shortsword,1,Dagger,5,Charlie
2026-04-19 08:32:25,24cb2400-0a60-480b-8cd9-fbd86366e5ec,14,Shortsword,9,Dagger,10,Charlie
2026-04-19 08:32:26,bf1dd6d6-f192-48db-afe8-ad58014209cf,1,Club,4,Greatsword,3,Raymond
2026-04-19 08:32:26,bf1dd6d6-f192-48db-afe8-ad58014209cf,2,Club,4,Greatsword,7,Daylen
2026-04-19 08:32:26,bf1dd6d6-f192-48db-afe8-ad58014209cf,3,Club,1,Greatsword,15,Daylen
2026-04-19 08:32:26,bf1dd6d6-f192-48db-afe8-ad58014209cf,4,Club,4,Greatsword,15,Daylen
2026-04-19 08:32:26,bf1dd6d6-f192-48db-afe8-ad58014209cf,5,Club,1,Greatsword,8,Daylen
2026-04-19 08:32:26,bf1dd6d6-f192-48db-afe8-ad58014209cf,6,Club,2,Greatsword,4,Daylen
2026-04-19 08:32:26,bf1dd6d6-f192-48db-afe8-ad58014209cf,7,Club,2,Greatsword,0,Raymond
2026-04-19 08:32:26,bf1dd6d6-f192-48db-afe8-ad58014209cf,8,Club,5,Greatsword,21,Daylen
2026-04-19 08:32:26,bf1dd6d6-f192-48db-afe8-ad58014209cf,9,Club,0,Greatsword,11,Daylen
2026-04-19 08:32:26,bf1dd6d6-f192-48db-afe8-ad58014209cf,10,Club,3,Greatsword,10,Daylen
2026-04-19 08:32:26,bf1dd6d6-f192-48db-afe8-ad58014209cf,11,Club,3,Greatsword,15,Daylen
2026-04-19 08:32:27,85466526-1653-4b7a-a495-8bc7a864e66c,1,Club,4,Dagger,9,Daylen
2026-04-19 08:32:27,85466526-1653-4b7a-a495-8bc7a864e66c,2,Club,5,Dagger,3,Raymond
2026-04-19 08:32:27,85466526-1653-4b7a-a495-8bc7a864e66c,3,Club,3,Dagger,1,Raymond
2026-04-19 08:32:27,85466526-1653-4b7a-a495-8bc7a864e66c,4,Club,2,Dagger,1,Raymond
2026-04-19 08:32:27,85466526-1653-4b7a-a495-8bc7a864e66c,5,Club,0,Dagger,6,Daylen
2026-04-19 08:32:27,85466526-1653-4b7a-a495-8bc7a864e66c,6,Club,0,Dagger,4,Daylen
2026-04-19 08:32:27,85466526-1653-4b7a-a495-8bc7a864e66c,7,Club,3,Dagger,6,Daylen
2026-04-19 08:32:27,85466526-1653-4b7a-a495-8bc7a864e66c,8,Club,0,Dagger,4,Daylen
2026-04-19 08:32:27,85466526-1653-4b7a-a495-8bc7a864e66c,9,Club,5,Dagger,5,Raymond
2026-04-19 08:32:27,85466526-1653-4b7a-a495-8bc7a864e66c,10,Club,0,Dagger,9,Daylen
2026-04-19 08:32:27,85466526-1653-4b7a-a495-8bc7a864e66c,11,Club,0,Dagger,3,Daylen
2026-04-19 08:32:27,85466526-1653-4b7a-a495-8bc7a864e66c,12,Club,1,Dagger,6,Daylen
2026-04-19 08:32:27,85466526-1653-4b7a-a495-8bc7a864e66c,13,Club,3,Dagger,4,Daylen
2026-04-19 08:32:27,85466526-1653-4b7a-a495-8bc7a864e66c,14,Club,0,Dagger,4,Daylen
2026-04-19 08:32:27,85466526-1653-4b7a-a495-8bc7a864e66c,15,Club,2,Dagger,0,Raymond
2026-04-19 08:32:27,85466526-1653-4b7a-a495-8bc7a864e66c,16,Club,6,Dagger,4,Raymond
2026-04-19 08:32:27,85466526-1653-4b7a-a495-8bc7a864e66c,17,Club,5,Dagger,2,Raymond
2026-04-19 08:32:27,85466526-1653-4b7a-a495-8bc7a864e66c,18,Club,5,Dagger,5,Raymond
2026-04-19 08:32:27,85466526-1653-4b7a-a495-8bc7a864e66c,19,Club,1,Dagger,4,Daylen
2026-04-19 08:32:27,85466526-1653-4b7a-a495-8bc7a864e66c,20,Club,2,Dagger,0,Raymond
2026-04-19 08:32:27,85466526-1653-4b7a-a495-8bc7a864e66c,21,Club,4,Dagger,9,Daylen
2026-04-19 08:32:27,85466526-1653-4b7a-a495-8bc7a864e66c,22,Club,4,Dagger,7,Daylen
2026-04-19 08:32:27,85466526-1653-4b7a-a495-8bc7a864e66c,23,Club,3,Dagger,2,Raymond
2026-04-19 08:32:27,85466526-1653-4b7a-a495-8bc7a864e66c,24,Club,3,Dagger,3,Raymond
2026-04-19 08:39:22,9765973b-0f10-40e4-a906-c7ee819ad632,1,Greatsword,0,Dagger,0,Juan
2026-04-19 08:39:22,9765973b-0f10-40e4-a906-c7ee819ad632,2,Greatsword,15,Dagger,3,Juan
2026-04-19 08:39:22,9765973b-0f10-40e4-a906-c7ee819ad632,3,Greatsword,0,Dagger,1,Charlie
2026-04-19 08:39:22,9765973b-0f10-40e4-a906-c7ee819ad632,4,Greatsword,3,Dagger,3,Juan
2026-04-19 08:39:22,9765973b-0f10-40e4-a906-c7ee819ad632,5,Greatsword,0,Dagger,0,Juan
2026-04-19 08:39:22,9765973b-0f10-40e4-a906-c7ee819ad632,6,Greatsword,21,Dagger,0,Juan
2026-04-19 08:39:22,9765973b-0f10-40e4-a906-c7ee819ad632,7,Greatsword,0,Dagger,1,Charlie
2026-04-19 08:39:22,9765973b-0f10-40e4-a906-c7ee819ad632,8,Greatsword,16,Dagger,6,Juan
2026-04-19 08:39:22,9765973b-0f10-40e4-a906-c7ee819ad632,9,Greatsword,10,Dagger,2,Juan
2026-04-19 08:39:22,9765973b-0f10-40e4-a906-c7ee819ad632,10,Greatsword,1,Dagger,5,Charlie
2026-04-19 08:39:22,9765973b-0f10-40e4-a906-c7ee819ad632,11,Greatsword,0,Dagger,4,Charlie
2026-04-19 08:39:22,9765973b-0f10-40e4-a906-c7ee819ad632,12,Greatsword,14,Dagger,5,Juan
2026-04-19 08:39:22,9765973b-0f10-40e4-a906-c7ee819ad632,13,Greatsword,14,Dagger,4,Juan
2026-04-19 08:39:22,9765973b-0f10-40e4-a906-c7ee819ad632,14,Greatsword,6,Dagger,8,Charlie
2026-04-19 08:39:51,c7493d06-0185-4d52-ae8d-bde4cc438ea7,1,Dagger,4,Piano,17,Juan
2026-04-19 08:39:51,c7493d06-0185-4d52-ae8d-bde4cc438ea7,2,Dagger,3,Piano,7,Juan
2026-04-19 08:39:51,c7493d06-0185-4d52-ae8d-bde4cc438ea7,3,Dagger,0,Piano,0,Charlie
2026-04-19 08:39:51,c7493d06-0185-4d52-ae8d-bde4cc438ea7,4,Dagger,0,Piano,23,Juan
2026-04-19 08:39:51,c7493d06-0185-4d52-ae8d-bde4cc438ea7,5,Dagger,3,Piano,6,Juan
2026-04-19 08:39:51,c7493d06-0185-4d52-ae8d-bde4cc438ea7,6,Dagger,5,Piano,23,Juan
2026-04-19 08:39:51,c7493d06-0185-4d52-ae8d-bde4cc438ea7,7,Dagger,2,Piano,0,Charlie
2026-04-19 08:39:51,c7493d06-0185-4d52-ae8d-bde4cc438ea7,8,Dagger,2,Piano,18,Juan
2026-04-19 08:39:51,c7493d06-0185-4d52-ae8d-bde4cc438ea7,9,Dagger,3,Piano,5,Juan
2026-04-19 08:39:51,c7493d06-0185-4d52-ae8d-bde4cc438ea7,10,Dagger,0,Piano,8,Juan
2026-04-19 08:41:53,d38f144d-1b95-4d3c-a83b-6d921319847d,1,Club,7,Dagger,0,Charlie
2026-04-19 08:41:53,d38f144d-1b95-4d3c-a83b-6d921319847d,2,Club,0,Dagger,0,Charlie
2026-04-19 08:41:53,d38f144d-1b95-4d3c-a83b-6d921319847d,3,Club,2,Dagger,0,Charlie
2026-04-19 08:41:53,d38f144d-1b95-4d3c-a83b-6d921319847d,4,Club,0,Dagger,9,Raymond
2026-04-19 08:41:53,d38f144d-1b95-4d3c-a83b-6d921319847d,5,Club,5,Dagger,0,Charlie
2026-04-19 08:41:53,d38f144d-1b95-4d3c-a83b-6d921319847d,6,Club,2,Dagger,4,Raymond
2026-04-19 08:41:53,d38f144d-1b95-4d3c-a83b-6d921319847d,7,Club,3,Dagger,3,Charlie
2026-04-19 08:41:53,d38f144d-1b95-4d3c-a83b-6d921319847d,8,Club,6,Dagger,6,Charlie
2026-04-19 08:41:53,d38f144d-1b95-4d3c-a83b-6d921319847d,9,Club,8,Dagger,4,Charlie
2026-04-19 08:41:53,d38f144d-1b95-4d3c-a83b-6d921319847d,10,Club,6,Dagger,8,Raymond
2026-04-19 08:41:53,d38f144d-1b95-4d3c-a83b-6d921319847d,11,Club,4,Dagger,1,Charlie
2026-04-19 08:41:53,d38f144d-1b95-4d3c-a83b-6d921319847d,12,Club,4,Dagger,3,Charlie
2026-04-19 08:41:53,d38f144d-1b95-4d3c-a83b-6d921319847d,13,Club,4,Dagger,0,Charlie
2026-04-19 08:41:53,d38f144d-1b95-4d3c-a83b-6d921319847d,14,Club,3,Dagger,4,Raymond
2026-04-19 08:41:53,d38f144d-1b95-4d3c-a83b-6d921319847d,15,Club,1,Dagger,4,Raymond
2026-04-19 08:41:53,d38f144d-1b95-4d3c-a83b-6d921319847d,16,Club,3,Dagger,3,Charlie
2026-04-19 08:41:53,d38f144d-1b95-4d3c-a83b-6d921319847d,17,Club,2,Dagger,2,Charlie
2026-04-19 08:41:53,d38f144d-1b95-4d3c-a83b-6d921319847d,18,Club,2,Dagger,1,Charlie
2026-04-19 08:41:53,d38f144d-1b95-4d3c-a83b-6d921319847d,19,Club,7,Dagger,2,Charlie
2026-04-19 08:41:53,d38f144d-1b95-4d3c-a83b-6d921319847d,20,Club,2,Dagger,2,Charlie
2026-04-19 08:41:53,d38f144d-1b95-4d3c-a83b-6d921319847d,21,Club,6,Dagger,3,Charlie
2026-04-19 08:41:53,d38f144d-1b95-4d3c-a83b-6d921319847d,22,Club,0,Dagger,0,Charlie
2026-04-19 08:41:53,d38f144d-1b95-4d3c-a83b-6d921319847d,23,Club,1,Dagger,2,Raymond
2026-04-19 08:41:53,d38f144d-1b95-4d3c-a83b-6d921319847d,24,Club,6,Dagger,3,Charlie
2026-04-19 08:41:53,d38f144d-1b95-4d3c-a83b-6d921319847d,25,Club,0,Dagger,1,Raymond
2026-04-19 08:41:53,d38f144d-1b95-4d3c-a83b-6d921319847d,26,Club,3,Dagger,7,Raymond
2026-04-19 08:41:53,d38f144d-1b95-4d3c-a83b-6d921319847d,27,Club,0,Dagger,0,Charlie
2026-04-19 08:41:53,d38f144d-1b95-4d3c-a83b-6d921319847d,28,Club,4,Dagger,0,Charlie
2026-04-19 08:41:53,d38f144d-1b95-4d3c-a83b-6d921319847d,29,Club,0,Dagger,4,Raymond
2026-04-19 08:41:53,d38f144d-1b95-4d3c-a83b-6d921319847d,30,Club,5,Dagger,7,Raymond
2026-04-19 08:41:53,d38f144d-1b95-4d3c-a83b-6d921319847d,31,Club,5,Dagger,0,Charlie
